id,first_name,last_name,email,gender,ip_address
1,Linnell,Desesquelle,ldesesquelle0@printfriendly.com,Female,120.181.7.240
2,Amandi,Pinor,apinor1@sogou.com,Non-binary,178.82.90.1
3,Stephie,Gilling,sgilling2@newyorker.com,Female,194.252.15.156
4,Barbette,Wulfinger,bwulfinger3@comcast.net,Female,17.224.164.130
5,Brier,Chisnall,bchisnall4@people.com.cn,Female,21.117.208.31
6,Carmelina,Longden,clongden5@fema.gov,Female,96.198.236.244
7,Corine,Wakley,cwakley6@narod.ru,Female,10.127.30.69
8,Tisha,Denacamp,tdenacamp7@twitpic.com,Female,79.7.126.48
9,Caro,Tarborn,ctarborn8@opensource.org,Female,9.195.237.19
10,Anthia,Germann,agermann9@guardian.co.uk,Female,47.88.236.233
11,Brear,Bartlomiejczyk,bbartlomiejczyka@mac.com,Female,153.54.18.150
12,Kahaleel,Messager,kmessagerb@ustream.tv,Male,111.229.63.202
13,Oren,Schruur,oschruurc@sciencedirect.com,Male,60.233.107.55
14,Ellerey,Klinck,eklinckd@reuters.com,Male,209.105.162.41
15,Weston,Tomaskunas,wtomaskunase@icio.us,Male,126.196.117.88
16,Fedora,Peegrem,fpeegremf@fema.gov,Female,92.237.207.239
17,Noe,Shovelbottom,nshovelbottomg@360.cn,Male,205.15.7.120
18,Alissa,Boyse,aboyseh@weibo.com,Female,42.21.63.194
19,Geoff,Janacek,gjanaceki@marriott.com,Male,248.146.175.41
20,Norby,Rosewell,nrosewellj@bluehost.com,Male,176.63.113.36
21,Cris,Whittenbury,cwhittenburyk@pagesperso-orange.fr,Male,101.177.161.78
22,Nelli,Martellini,nmartellinil@cam.ac.uk,Female,225.47.241.3
23,Jarib,Bubb,jbubbm@marketwatch.com,Male,67.65.161.251
24,Ferdie,Eighteen,feighteenn@comsenz.com,Male,195.224.112.215
25,Marijn,Shimony,mshimonyo@github.io,Male,248.176.207.58
26,Jessie,Dyshart,jdyshartp@ca.gov,Male,18.83.120.226
27,Carolina,Vail,cvailq@cargocollective.com,Female,221.229.185.166
28,Lorine,Folling,lfollingr@networkadvertising.org,Female,201.253.236.210
29,Calla,Andreini,candreinis@163.com,Female,155.50.0.170
30,Elisabeth,Claye,eclayet@chron.com,Female,194.98.115.212
31,Ede,Durrance,edurranceu@google.com.hk,Female,73.225.16.1
32,Morey,Devenish,mdevenishv@thetimes.co.uk,Bigender,189.215.18.181
33,Emmerich,Howship,ehowshipw@princeton.edu,Male,240.50.133.20
34,Adelaide,Ings,aingsx@nymag.com,Female,108.62.227.64
35,Jewel,Roset,jrosety@time.com,Female,43.136.253.222
36,Kimmie,Cotte,kcottez@reverbnation.com,Female,247.224.232.117
37,Rosalyn,Hallin,rhallin10@g.co,Female,181.153.156.105
38,Mozes,Maisey,mmaisey11@google.co.jp,Male,67.254.197.12
39,Hesther,Bending,hbending12@cpanel.net,Female,0.80.52.72
40,Thomasa,Penni,tpenni13@google.de,Polygender,32.124.132.176
41,Ive,Jellard,ijellard14@acquirethisname.com,Male,89.23.215.204
42,Abigael,Kanzler,akanzler15@cmu.edu,Female,230.83.43.171
43,Mack,Dimsdale,mdimsdale16@yandex.ru,Non-binary,100.14.235.159
44,Madelle,Rattery,mrattery17@ted.com,Female,254.85.167.99
45,Gloriana,Vogelein,gvogelein18@indiatimes.com,Female,205.184.102.61
46,Auguste,Strewthers,astrewthers19@geocities.com,Genderfluid,151.237.183.107
47,Ethelind,Caress,ecaress1a@histats.com,Female,47.176.243.57
48,Florina,Cleare,fcleare1b@rakuten.co.jp,Female,215.79.211.62
49,Robbert,Parsall,rparsall1c@hugedomains.com,Male,100.46.8.137
50,Bearnard,Bamlet,bbamlet1d@ustream.tv,Male,174.252.121.251
51,Humfried,Ramsdale,hramsdale1e@narod.ru,Genderqueer,151.237.128.57
52,Vincenty,Keyden,vkeyden1f@webs.com,Male,194.176.76.44
53,Demetris,Jikylls,djikylls1g@home.pl,Male,235.95.127.124
54,Willa,Coraini,wcoraini1h@disqus.com,Female,249.214.207.115
55,Claire,Arran,carran1i@samsung.com,Male,73.79.56.231
56,Oralla,Christophe,ochristophe1j@examiner.com,Female,53.138.62.122
57,Gipsy,Shreve,gshreve1k@nationalgeographic.com,Female,159.219.99.122
58,Rainer,Brombell,rbrombell1l@reference.com,Agender,160.47.206.124
59,Ibbie,Bruin,ibruin1m@cpanel.net,Female,60.136.196.126
60,Merill,Shinner,mshinner1n@cocolog-nifty.com,Male,189.52.204.183
61,Dion,Peascod,dpeascod1o@berkeley.edu,Agender,129.85.69.126
62,Packston,Beaufoy,pbeaufoy1p@mysql.com,Male,17.213.166.142
63,Farrell,Bredbury,fbredbury1q@google.com.hk,Male,122.49.190.203
64,Pearce,Camlin,pcamlin1r@google.nl,Male,235.33.185.236
65,Basia,Albone,balbone1s@nationalgeographic.com,Female,2.193.126.168
66,Laureen,Philippart,lphilippart1t@mail.ru,Female,187.111.47.47
67,Kaiser,Wincer,kwincer1u@lulu.com,Male,131.131.105.183
68,Cly,Bealton,cbealton1v@twitpic.com,Male,93.159.47.81
69,Olenolin,Mcall,omcall1w@auda.org.au,Male,154.152.235.238
70,Mile,Mabey,mmabey1x@tmall.com,Male,44.185.254.113
71,Brynna,Scroxton,bscroxton1y@infoseek.co.jp,Female,57.80.160.117
72,Velma,Kimberley,vkimberley1z@reference.com,Female,175.223.205.150
73,Anatole,Mocquer,amocquer20@gov.uk,Male,210.133.194.66
74,Roth,Sidary,rsidary21@auda.org.au,Male,186.74.99.188
75,Laverne,Garrad,lgarrad22@purevolume.com,Female,130.77.54.162
76,Myrta,Oxbrough,moxbrough23@drupal.org,Female,241.164.191.47
77,Griff,Murfett,gmurfett24@arizona.edu,Male,71.18.33.216
78,Francis,Billion,fbillion25@oakley.com,Male,25.59.23.128
79,Gael,McClymont,gmcclymont26@about.com,Male,67.57.237.71
80,Verene,Hallihan,vhallihan27@liveinternet.ru,Female,35.86.208.138
81,Wade,Palfrie,wpalfrie28@newyorker.com,Male,19.45.255.40
82,Mario,Seine,mseine29@lycos.com,Male,100.46.29.253
83,Ricki,Tranter,rtranter2a@theatlantic.com,Male,95.218.55.245
84,Joyann,Pabelik,jpabelik2b@weibo.com,Female,154.204.212.98
85,Earvin,Hansen,ehansen2c@uiuc.edu,Male,255.11.10.186
86,Nil,Dewsbury,ndewsbury2d@europa.eu,Male,230.3.182.78
87,Portia,Whitta,pwhitta2e@amazon.co.jp,Female,83.155.181.194
88,Adolpho,Lepper,alepper2f@rakuten.co.jp,Male,147.31.11.201
89,Caryn,Branton,cbranton2g@ow.ly,Female,103.71.47.173
90,Cele,Miliffe,cmiliffe2h@tinyurl.com,Female,149.231.161.185
91,Elset,Abriani,eabriani2i@paginegialle.it,Female,64.169.65.80
92,Joletta,Smail,jsmail2j@baidu.com,Female,88.221.131.221
93,Inga,Goggey,igoggey2k@barnesandnoble.com,Female,176.243.100.162
94,Giffard,Gussin,ggussin2l@infoseek.co.jp,Male,172.206.241.43
95,Rey,MacAnespie,rmacanespie2m@drupal.org,Female,151.230.76.0
96,Natale,Dranfield,ndranfield2n@trellian.com,Non-binary,42.144.65.52
97,Tillie,Mervyn,tmervyn2o@stanford.edu,Female,131.57.20.82
98,Rolando,Stirrup,rstirrup2p@paginegialle.it,Male,180.255.172.114
99,Carrie,Colliard,ccolliard2q@ocn.ne.jp,Female,164.158.239.121
100,Lucias,Brompton,lbrompton2r@technorati.com,Male,169.14.202.219
